landmark_id,x_norm,y_norm,z_norm,x_px,y_px,z_approx_px
0,0.5542018413543701,0.7517252564430237,-0.06197335943579674,124,168,-13
1,0.5787898898124695,0.654513955116272,-0.14012396335601807,129,146,-31
2,0.5514569282531738,0.6801990866661072,-0.06783634424209595,123,152,-15
3,0.5323341488838196,0.5584067106246948,-0.12697027623653412,119,125,-28
4,0.5807268023490906,0.6258273720741272,-0.15235328674316406,130,140,-34
5,0.5709209442138672,0.5861945748329163,-0.14637376368045807,127,131,-32
6,0.5353325605392456,0.4848264753818512,-0.08995866030454636,119,108,-20
7,0.28716009855270386,0.4784926474094391,-0.05634442716836929,64,107,-12
8,0.5226885080337524,0.40635666251182556,-0.08170340955257416,117,91,-18
9,0.5233102440834045,0.3668355941772461,-0.09288108348846436,117,82,-20
10,0.5096921920776367,0.21583667397499084,-0.08592366427183151,114,48,-19
11,0.5528903007507324,0.7669919729232788,-0.056066159158945084,123,171,-12
12,0.5482366681098938,0.7794188857078552,-0.045574236661195755,122,174,-10
13,0.5420839786529541,0.7847565412521362,-0.03258220851421356,121,175,-7
14,0.5438924431800842,0.8014717698097229,-0.020444320514798164,121,179,-4
15,0.5462980270385742,0.817569375038147,-0.022602025419473648,122,183,-5
16,0.5465901494026184,0.8358532190322876,-0.024823520332574844,122,187,-5
17,0.5428850650787354,0.852916419506073,-0.016493812203407288,121,191,-3
18,0.5284082889556885,0.8647412061691284,0.015247546136379242,118,193,3
19,0.5714775323867798,0.6680895090103149,-0.125084787607193,128,149,-28
20,0.5318593382835388,0.6692566871643066,-0.09574557095766068,119,149,-21
21,0.1338324248790741,0.349506676197052,0.008637471124529839,29,78,1
22,0.38066747784614563,0.4976239800453186,-0.05460396036505699,85,111,-12
23,0.352023720741272,0.5031997561454773,-0.06181902438402176,78,112,-13
24,0.32178887724876404,0.5052410960197449,-0.06369169801473618,72,113,-14
25,0.2728314995765686,0.4878644049167633,-0.054749906063079834,61,109,-12
26,0.40405672788619995,0.4884239733219147,-0.04364131763577461,90,109,-9
27,0.3361402451992035,0.4174414277076721,-0.08543828129768372,75,93,-19
28,0.3704225718975067,0.4189058244228363,-0.07345777004957199,82,93,-16
29,0.3024166524410248,0.4233224391937256,-0.08457368612289429,67,94,-18
30,0.2787836194038391,0.43534255027770996,-0.07815942913293839,62,97,-17
31,0.25007644295692444,0.5096385478973389,-0.04500570893287659,56,114,-10
32,0.4091571569442749,0.8978955745697021,0.022485515102744102,91,201,5
33,0.27134597301483154,0.4690170884132385,-0.05175280570983887,60,105,-11
34,0.132725328207016,0.48263612389564514,0.03802639618515968,29,108,8
35,0.20955674350261688,0.48626530170440674,-0.032083772122859955,46,108,-7
36,0.3792046904563904,0.6332376003265381,-0.06039595231413841,84,141,-13
37,0.5178104043006897,0.7510974407196045,-0.0703432559967041,115,168,-15
38,0.5164212584495544,0.7832854986190796,-0.05202345922589302,115,175,-11
39,0.47381407022476196,0.7661486864089966,-0.06526998430490494,106,171,-14
40,0.4429621994495392,0.7796916961669922,-0.052112508565187454,99,174,-11
41,0.484566330909729,0.7885390520095825,-0.051343340426683426,108,176,-11
42,0.4583378732204437,0.7932038307189941,-0.03832901269197464,102,177,-8
43,0.38686153292655945,0.8247016072273254,-0.0065098959021270275,86,184,-1
44,0.5543228387832642,0.6559460759162903,-0.14441077411174774,124,146,-32
45,0.5507277846336365,0.628882110118866,-0.15693235397338867,123,140,-35
46,0.2360089272260666,0.40873944759368896,-0.09055806696414948,52,91,-20
47,0.43100690841674805,0.5514421463012695,-0.06137765944004059,96,123,-13
48,0.4563979506492615,0.6517539024353027,-0.1013355404138565,102,145,-22
49,0.4477929472923279,0.6345245838165283,-0.09557507932186127,100,142,-21
50,0.28139644861221313,0.6330996751785278,-0.05736415460705757,63,141,-12
51,0.5430949926376343,0.5912874341011047,-0.14765948057174683,121,132,-33
52,0.32278671860694885,0.37641823291778564,-0.11306888610124588,72,84,-25
53,0.2737724184989929,0.3867093026638031,-0.10642962157726288,61,86,-23
54,0.1788124293088913,0.2991245687007904,-0.0390283428132534,40,67,-8
55,0.4592214822769165,0.400540828704834,-0.09346859157085419,102,89,-20
56,0.3979976773262024,0.42914843559265137,-0.05609136447310448,89,96,-12
57,0.3677094578742981,0.7984668612480164,-0.014738481491804123,82,178,-3
58,0.15339460968971252,0.7396214604377747,0.16411300003528595,34,165,36
59,0.4773809313774109,0.6665880084037781,-0.08183823525905609,106,149,-18
60,0.5024318695068359,0.6741259694099426,-0.07249946892261505,112,151,-16
61,0.4007907807826996,0.801775336265564,-0.011987995356321335,89,179,-2
62,0.4146497845649719,0.7997546195983887,-0.014251125045120716,92,179,-3
63,0.2539987564086914,0.3662961721420288,-0.1026541069149971,56,82,-22
64,0.44975602626800537,0.6639468669891357,-0.0842398852109909,100,148,-18
65,0.383942186832428,0.3796437978744507,-0.10971557348966599,86,85,-24
66,0.38060614466667175,0.3557441234588623,-0.12043512612581253,85,79,-26
67,0.33315691351890564,0.23301860690116882,-0.10693211853504181,74,52,-23
68,0.21971775591373444,0.3338499367237091,-0.0759025439620018,49,74,-17
69,0.36336660385131836,0.2943716049194336,-0.11486321687698364,81,65,-25
70,0.21222737431526184,0.39428746700286865,-0.07622639834880829,47,88,-17
71,0.17496725916862488,0.37442004680633545,-0.036127712577581406,39,83,-8
72,0.5178662538528442,0.7694690227508545,-0.0648573786020279,116,172,-14
73,0.48102816939353943,0.7798329591751099,-0.059416577219963074,107,174,-13
74,0.45166248083114624,0.78699791431427,-0.04726697504520416,101,176,-10
75,0.48327797651290894,0.6716189980506897,-0.07207660377025604,108,150,-16
76,0.40860211849212646,0.8015135526657104,-0.01311069168150425,91,179,-2
77,0.42350611090660095,0.8090677261352539,-0.019768627360463142,94,181,-4
78,0.41705799102783203,0.7967115044593811,-0.01437141839414835,93,178,-3
79,0.5050042867660522,0.65682053565979,-0.11914553493261337,113,147,-26
80,0.46007445454597473,0.7903658747673035,-0.03216518461704254,103,177,-7
81,0.4852724075317383,0.7891196608543396,-0.038629841059446335,108,176,-8
82,0.5133705735206604,0.7870149612426758,-0.03981241211295128,114,176,-8
83,0.4880160987377167,0.8684803247451782,0.0061093466356396675,109,194,1
84,0.5023834705352783,0.8544880151748657,-0.02684939280152321,112,191,-6
85,0.50867760181427,0.8370757102966309,-0.03398600593209267,113,187,-7
86,0.5118399262428284,0.8174992799758911,-0.031978949904441833,114,183,-7
87,0.5125210285186768,0.8036952018737793,-0.028680231422185898,114,180,-6
88,0.45454534888267517,0.8027827739715576,-0.024148963391780853,101,179,-5
89,0.4506862461566925,0.8084368705749512,-0.027352316305041313,100,181,-6
90,0.44306865334510803,0.818194568157196,-0.029063034802675247,99,183,-6
91,0.4349111020565033,0.8278211951255798,-0.024880442768335342,97,185,-5
92,0.4158685803413391,0.7443534731864929,-0.052255358546972275,93,166,-11
93,0.10931497812271118,0.5963530540466309,0.1656482219696045,24,133,37
94,0.5619755983352661,0.6731482744216919,-0.08833815157413483,125,150,-19
95,0.436445027589798,0.8008305430412292,-0.0181768499314785,97,179,-4
96,0.4314524829387665,0.8046430349349976,-0.019877253100275993,96,180,-4
97,0.5134639739990234,0.6856212615966797,-0.07082300633192062,115,153,-15
98,0.45606157183647156,0.6807821989059448,-0.056541286408901215,102,152,-12
99,0.5083442330360413,0.6802664995193481,-0.07222089171409607,113,152,-16
100,0.39960482716560364,0.5697649717330933,-0.05843634530901909,89,127,-13
101,0.3533349633216858,0.5942142605781555,-0.06135205924510956,79,133,-13
102,0.43898969888687134,0.6472583413124084,-0.07957439869642258,98,144,-17
103,0.24397194385528564,0.2596055865287781,-0.08020000159740448,54,58,-17
104,0.2802754044532776,0.3053688108921051,-0.10077541321516037,62,68,-22
105,0.31180357933044434,0.3525809347629547,-0.1160842627286911,69,78,-26
106,0.41432589292526245,0.8423932790756226,-0.007482712622731924,92,188,-1
107,0.45294734835624695,0.36188817024230957,-0.11139927804470062,101,81,-24
108,0.43984878063201904,0.2927621304988861,-0.11138444393873215,98,65,-24
109,0.41921842098236084,0.21971863508224487,-0.10732898861169815,93,49,-24
110,0.2918476462364197,0.5004854202270508,-0.06026875600218773,65,112,-13
111,0.21786876022815704,0.5322949886322021,-0.03640877455472946,48,119,-8
112,0.41943472623825073,0.4802042543888092,-0.03775491192936897,93,107,-8
113,0.24507494270801544,0.44804996252059937,-0.06611177325248718,54,100,-14
114,0.45408499240875244,0.5322086215019226,-0.06787683814764023,101,119,-15
115,0.4835638403892517,0.6403218507766724,-0.12369103729724884,108,143,-27
116,0.17963911592960358,0.5498508214950562,-0.01600215956568718,40,123,-3
117,0.2462243288755417,0.5565813779830933,-0.051324512809515,55,124,-11
118,0.29263603687286377,0.568051815032959,-0.061182256788015366,65,127,-13
119,0.352260947227478,0.5582109689712524,-0.05685632303357124,78,125,-12
120,0.3920605778694153,0.5416579246520996,-0.051341209560632706,87,121,-11
121,0.4219389259815216,0.52646803855896,-0.050760671496391296,94,117,-11
122,0.5051504373550415,0.4933713972568512,-0.0887722373008728,113,110,-19
123,0.19109345972537994,0.6142188906669617,-0.012806396931409836,42,137,-2
124,0.21911585330963135,0.4446347653865814,-0.06325651705265045,49,99,-14
125,0.5561404824256897,0.6690158843994141,-0.12874974310398102,124,149,-28
126,0.4409244954586029,0.5830461382865906,-0.06711401045322418,98,130,-15
127,0.09812477231025696,0.46826523542404175,0.11835956573486328,21,104,26
128,0.4467521011829376,0.5105498433113098,-0.050784140825271606,100,114,-11
129,0.4294945001602173,0.6472479701042175,-0.051847439259290695,96,144,-11
130,0.2587278485298157,0.46822333335876465,-0.050182051956653595,57,104,-11
131,0.4741500914096832,0.6195741891860962,-0.11594265699386597,106,138,-25
132,0.12416660785675049,0.6655148267745972,0.17080198228359222,27,149,38
133,0.41586679220199585,0.4696364104747772,-0.03417503833770752,93,105,-7
134,0.5088671445846558,0.6024258136749268,-0.13749143481254578,113,134,-30
135,0.2625676393508911,0.830668568611145,0.0638335719704628,58,186,14
136,0.24674221873283386,0.8492879867553711,0.1137736365199089,55,190,25
137,0.13856211304664612,0.6079158782958984,0.07260186970233917,31,136,16
138,0.21554343402385712,0.7879788875579834,0.07633914798498154,48,176,17
139,0.1504937708377838,0.4242161512374878,0.006140807177871466,33,95,1
140,0.3999154269695282,0.9180819988250732,0.04003261774778366,89,205,8
141,0.5503143072128296,0.6731358170509338,-0.08962786942720413,123,150,-20
142,0.41283246874809265,0.6060453057289124,-0.06016257032752037,92,135,-13
143,0.17829370498657227,0.4898882508277893,-0.014830331318080425,39,109,-3
144,0.325014591217041,0.4875401258468628,-0.06195111945271492,72,109,-13
145,0.3523114025592804,0.48676031827926636,-0.06102534756064415,78,109,-13
146,0.4137999415397644,0.8136933445930481,-0.017181377857923508,92,182,-3
147,0.1984383463859558,0.6710758805274963,0.010184968821704388,44,150,2
148,0.4462713897228241,0.943696141242981,0.0700729563832283,99,211,15
149,0.3483806848526001,0.9123344421386719,0.08287616819143295,78,204,18
150,0.30256155133247375,0.8880232572555542,0.09518162161111832,67,198,21
151,0.518603503704071,0.2924012243747711,-0.09160315245389938,116,65,-20
152,0.5015029907226562,0.9407598972320557,0.08278445899486542,112,210,18
153,0.37532952427864075,0.48184719681739807,-0.054329682141542435,84,107,-12
154,0.39644306898117065,0.4749482274055481,-0.04503699764609337,88,106,-10
155,0.4100051522254944,0.4715665876865387,-0.03673261031508446,91,105,-8
156,0.19084833562374115,0.43620291352272034,-0.0443510040640831,42,97,-9
157,0.3899882137775421,0.45325082540512085,-0.053818609565496445,87,101,-12
158,0.3634600043296814,0.44696927070617676,-0.06557892262935638,81,100,-14
159,0.3377021849155426,0.4472556412220001,-0.07220257073640823,75,100,-16
160,0.3107700049877167,0.45294487476348877,-0.07256077975034714,69,101,-16
161,0.2928982079029083,0.4601587653160095,-0.06777650862932205,65,103,-15
162,0.10883814096450806,0.4029269814491272,0.06677954643964767,24,90,14
163,0.303877055644989,0.4841874837875366,-0.05943065509200096,68,108,-13
164,0.5498698949813843,0.7030508518218994,-0.059445664286613464,123,157,-13
165,0.4446507692337036,0.7253976464271545,-0.06005561351776123,99,162,-13
166,0.4805215001106262,0.6620663404464722,-0.09234028309583664,107,148,-20
167,0.50960373878479,0.7119391560554504,-0.06874646246433258,114,159,-15
168,0.5236744284629822,0.4433524012565613,-0.07583720237016678,117,99,-16
169,0.3077576458454132,0.8674880266189575,0.05979221314191818,68,194,13
170,0.3514641523361206,0.8934508562088013,0.05178525298833847,78,200,11
171,0.4545970559120178,0.9349527359008789,0.034622449427843094,101,209,7
172,0.1971007138490677,0.8021194934844971,0.14063800871372223,44,179,31
173,0.40826380252838135,0.4635993242263794,-0.04261545464396477,91,103,-9
174,0.4914788007736206,0.5438174605369568,-0.09609320759773254,110,121,-21
175,0.5133084058761597,0.9315172433853149,0.048277370631694794,114,208,10
176,0.39665505290031433,0.9322938323020935,0.06941045820713043,88,208,15
177,0.15074297785758972,0.671062171459198,0.08459911495447159,33,150,18
178,0.4823947548866272,0.8038288950920105,-0.028580686077475548,108,180,-6
179,0.47834110260009766,0.8141260743141174,-0.03254297375679016,107,182,-7
180,0.4725155234336853,0.8288401365280151,-0.034584809094667435,105,185,-7
181,0.46609342098236084,0.8446326851844788,-0.029131175950169563,104,189,-6
182,0.44716551899909973,0.858291506767273,-0.006166277918964624,100,192,-1
183,0.43329232931137085,0.796229362487793,-0.027203455567359924,97,178,-6
184,0.4250389337539673,0.7943347692489624,-0.031087808310985565,95,177,-6
185,0.41617438197135925,0.7897765636444092,-0.034276336431503296,93,176,-7
186,0.3891288936138153,0.769924521446228,-0.038177795708179474,87,172,-8
187,0.2547317147254944,0.6930670738220215,-0.024655766785144806,57,155,-5
188,0.4800559878349304,0.5110144019126892,-0.07640460878610611,107,114,-17
189,0.44573768973350525,0.4485684633255005,-0.04477260634303093,99,100,-10
190,0.4229673445224762,0.45160096883773804,-0.04345501586794853,94,101,-9
191,0.4377117156982422,0.7916746139526367,-0.02240246720612049,98,177,-5
192,0.24369297921657562,0.7573397755622864,0.025164691731333733,54,169,5
193,0.4815268814563751,0.44855746626853943,-0.06997625529766083,107,100,-15
194,0.4249723255634308,0.8766492009162903,0.01115712895989418,95,196,2
195,0.5586832165718079,0.5523279905319214,-0.12686923146247864,125,123,-28
196,0.5188482999801636,0.5281885862350464,-0.10970331728458405,116,118,-24
197,0.5474004745483398,0.5205492973327637,-0.10765011608600616,122,116,-24
198,0.4719184637069702,0.5916160941123962,-0.09428097307682037,105,132,-21
199,0.520283579826355,0.911827564239502,0.028610771521925926,116,204,6
200,0.5237665772438049,0.8859735131263733,0.02263537421822548,117,198,5
201,0.47462451457977295,0.889594554901123,0.0146309370175004,106,199,3
202,0.3553599715232849,0.8310357332229614,0.005162159446626902,79,186,1
203,0.40450549125671387,0.6726836562156677,-0.04954192787408829,90,150,-11
204,0.38521119952201843,0.8576372265815735,0.009743688628077507,86,192,2
205,0.3343179225921631,0.6719116568565369,-0.05639518052339554,74,150,-12
206,0.37949350476264954,0.7050570845603943,-0.048778824508190155,85,157,-10
207,0.30593279004096985,0.7190049886703491,-0.03616581857204437,68,161,-8
208,0.46361103653907776,0.9152159690856934,0.017330870032310486,103,205,3
209,0.4475082457065582,0.6076341867446899,-0.07762504369020462,100,136,-17
210,0.32460132241249084,0.8458038568496704,0.02689516916871071,72,189,6
211,0.36533528566360474,0.8735368251800537,0.030381660908460617,81,195,6
212,0.33469849824905396,0.7974113821983337,-0.009133359417319298,74,178,-2
213,0.20653751492500305,0.7183645963668823,0.03270041197538376,46,160,7
214,0.2897292673587799,0.7952246069908142,0.00833202339708805,64,178,1
215,0.17233781516551971,0.7301905155181885,0.08944928646087646,38,163,20
216,0.3550219237804413,0.7459155321121216,-0.038616616278886795,79,167,-8
217,0.4657577872276306,0.5629810690879822,-0.08069511502981186,104,126,-18
218,0.49681979417800903,0.6531683802604675,-0.126567080616951,111,146,-28
219,0.4676983952522278,0.6610048413276672,-0.09908414632081985,104,148,-22
220,0.5170677900314331,0.633358359336853,-0.1433427631855011,115,141,-32
221,0.4244574308395386,0.42264652252197266,-0.06408968567848206,95,94,-14
222,0.377204954624176,0.4062768220901489,-0.08417227864265442,84,91,-18
223,0.332726389169693,0.4033953547477722,-0.09470066428184509,74,90,-21
224,0.29300832748413086,0.4094621241092682,-0.09466662257909775,65,91,-21
225,0.2624545693397522,0.4237744212150574,-0.0856151431798935,58,94,-19
226,0.23829929530620575,0.477329283952713,-0.04438452050089836,53,106,-9
227,0.1314135491847992,0.5450912117958069,0.05390050262212753,29,122,12
228,0.27071070671081543,0.5234878659248352,-0.05187814682722092,60,117,-11
229,0.3078882098197937,0.5317801237106323,-0.05721327289938927,68,119,-12
230,0.3496350347995758,0.5278694033622742,-0.05598851665854454,78,118,-12
231,0.3857334554195404,0.5173380970954895,-0.04968399554491043,86,115,-11
232,0.41310372948646545,0.5059682726860046,-0.042449548840522766,92,113,-9
233,0.43328890204429626,0.4963265657424927,-0.0395401194691658,97,111,-8
234,0.10103288292884827,0.5313158631324768,0.14901012182235718,22,119,33
235,0.4640248119831085,0.6682519912719727,-0.08434809744358063,103,149,-18
236,0.5025622844696045,0.572431743144989,-0.11329745501279831,112,128,-25
237,0.5272476673126221,0.6539276838302612,-0.13929332792758942,118,146,-31
238,0.5362407565116882,0.6660267114639282,-0.1211022436618805,120,149,-27
239,0.5212407112121582,0.6578150987625122,-0.1260921061038971,116,147,-28
240,0.46919530630111694,0.6762663722038269,-0.07032248377799988,105,151,-15
241,0.5451713800430298,0.6680182218551636,-0.12645915150642395,122,149,-28
242,0.5396536588668823,0.6728336215019226,-0.09271632879972458,120,150,-20
243,0.4291509687900543,0.4708385169506073,-0.03280156850814819,96,105,-7
244,0.4496738910675049,0.4795665442943573,-0.0405564159154892,100,107,-9
245,0.46596240997314453,0.48668110370635986,-0.05468587204813957,104,109,-12
246,0.2814544439315796,0.46520930528640747,-0.06131361052393913,63,104,-13
247,0.2617919445037842,0.44904422760009766,-0.06562386453151703,58,100,-14
248,0.5775051712989807,0.5543637871742249,-0.10733854025602341,129,124,-24
249,0.6643654108047485,0.4527779519557953,0.08737330138683319,148,101,19
250,0.5839350819587708,0.6624162197113037,-0.08064991235733032,130,148,-18
251,0.6874236464500427,0.32603055238723755,0.22992198169231415,153,73,51
252,0.5980640649795532,0.483040988445282,0.036453671753406525,133,108,8
253,0.6212825775146484,0.4841919541358948,0.048121511936187744,139,108,10
254,0.6431283950805664,0.481383740901947,0.06390132755041122,144,107,14
255,0.666184663772583,0.46056079864501953,0.09694008529186249,149,103,21
256,0.5804524421691895,0.47733184695243835,0.027877941727638245,130,106,6
257,0.637643575668335,0.4058956503868103,0.03060481883585453,142,90,6
258,0.610144853591919,0.41062691807746887,0.017707722261548042,136,91,3
259,0.6609237194061279,0.4077354669570923,0.04968515783548355,148,91,11
260,0.6731318235397339,0.41638505458831787,0.06751979887485504,150,93,15
261,0.6772876977920532,0.4774218201637268,0.11758959293365479,151,106,26
262,0.5898727774620056,0.8673463463783264,0.08675280958414078,132,194,19
263,0.6699418425559998,0.44386446475982666,0.09867089986801147,150,99,22
264,0.6818717122077942,0.44545978307724,0.2626035511493683,152,99,58
265,0.6863968968391418,0.4521024227142334,0.15168747305870056,153,101,33
266,0.6359856128692627,0.6068388819694519,0.029594609513878822,142,135,6
267,0.5814472436904907,0.7414113283157349,-0.04673462361097336,130,166,-10
268,0.5696450471878052,0.7749589085578918,-0.031153695657849312,127,173,-6
269,0.6027316451072693,0.7441387176513672,-0.016529947519302368,135,166,-3
270,0.6111589670181274,0.7526394128799438,0.01440186146646738,136,168,3
271,0.5848647356033325,0.7718236446380615,-0.01001239288598299,131,172,-2
272,0.5938481092453003,0.7720094323158264,0.017020098865032196,133,172,3
273,0.6194155216217041,0.7910523414611816,0.07747139036655426,138,177,17
274,0.5974972248077393,0.6510317325592041,-0.13139373064041138,133,145,-29
275,0.6019848585128784,0.6236380934715271,-0.1415267288684845,134,139,-31
276,0.6979125142097473,0.38770657777786255,0.0827009305357933,156,86,18
277,0.5891909003257751,0.53732830286026,-0.0018089235527440906,131,120,0
278,0.6245118379592896,0.631119430065155,-0.04400469362735748,139,141,-9
279,0.619956910610199,0.6145471930503845,-0.03671276196837425,138,137,-8
280,0.6820603609085083,0.5927702188491821,0.09278244525194168,152,132,20
281,0.5919027328491211,0.5864436030387878,-0.1283566802740097,132,131,-28
282,0.6660637259483337,0.3677813410758972,0.0049649691209197044,149,82,1
283,0.6885324716567993,0.372006356716156,0.04241844639182091,154,83,9
284,0.6869951486587524,0.28120458126068115,0.15982051193714142,153,62,35
285,0.573978841304779,0.39827853441238403,-0.05535697191953659,128,89,-12
286,0.5868592262268066,0.42249345779418945,0.01776261441409588,131,94,3
287,0.6338188648223877,0.7607814073562622,0.0865534245967865,141,170,19
288,0.6225898861885071,0.6833267211914062,0.3679819107055664,139,153,82
289,0.6074124574661255,0.6489776968955994,-0.039361514151096344,136,145,-8
290,0.5898762941360474,0.6627781987190247,-0.05143054202198982,132,148,-11
291,0.6160010695457458,0.7704375982284546,0.07583926618099213,137,172,16
292,0.6044213175773621,0.7716184258460999,0.06302981078624725,135,172,14
293,0.6938790082931519,0.3515305519104004,0.05731457099318504,155,78,12
294,0.6183875799179077,0.6429923176765442,-0.028509898111224174,138,144,-6
295,0.6300726532936096,0.37384846806526184,-0.028886346146464348,141,83,-6
296,0.6350407004356384,0.35047662258148193,-0.036484234035015106,142,78,-8
297,0.6373962163925171,0.22495028376579285,0.006932716351002455,142,50,1
298,0.6915225386619568,0.3161013424396515,0.10157474130392075,154,70,22
299,0.6356953978538513,0.28740495443344116,-0.01680864952504635,142,64,-3
300,0.7018041610717773,0.3722116947174072,0.10932618379592896,157,83,24
301,0.6965102553367615,0.3510477542877197,0.16536548733711243,156,78,37
302,0.5772421360015869,0.7601046562194824,-0.04157387092709541,129,170,-9
303,0.5945886373519897,0.760331928730011,-0.014409086667001247,133,170,-3
304,0.6040165424346924,0.7624951004981995,0.013323918916285038,135,170,2
305,0.6000052094459534,0.6556668877601624,-0.0376594141125679,134,146,-8
306,0.6105228662490845,0.7719416618347168,0.06828109174966812,136,172,15
307,0.6080041527748108,0.7825013399124146,0.04943646490573883,136,175,11
308,0.6001487970352173,0.769421398639679,0.06106648966670036,134,172,13
309,0.6082299947738647,0.6428766846656799,-0.07992595434188843,136,144,-17
310,0.5837880969047546,0.7717213034629822,0.02037639170885086,130,172,4
311,0.5741347670555115,0.7754426598548889,1.7276319340453483e-05,128,173,0
312,0.5600914359092712,0.7800065875053406,-0.01854567602276802,125,174,-4
313,0.5587449073791504,0.8577178716659546,0.02628512494266033,125,192,5
314,0.5729796886444092,0.8439379930496216,-0.004036182537674904,128,189,0
315,0.5747851133346558,0.8270761966705322,-0.010554511100053787,128,185,-2
316,0.5711854696273804,0.8087916374206543,-0.008112338371574879,127,181,-1
317,0.5654857158660889,0.7958989143371582,-0.006024797447025776,126,178,-1
318,0.5898802876472473,0.7828844785690308,0.029182808473706245,132,175,6
319,0.5957192182540894,0.7873220443725586,0.02602231502532959,133,176,5
320,0.603165864944458,0.7952750325202942,0.025554988533258438,135,178,5
321,0.6072682738304138,0.8034863471984863,0.03420909494161606,136,179,7
322,0.6262003183364868,0.7154794335365295,0.024856053292751312,140,160,5
323,0.640090823173523,0.550771176815033,0.3937937915325165,143,123,88
324,0.5939233303070068,0.7781734466552734,0.04829369857907295,133,174,10
325,0.6013558506965637,0.7799921631813049,0.04677051678299904,134,174,10
326,0.5820322036743164,0.6765756011009216,-0.05014605447649956,130,151,-11
327,0.6067913770675659,0.6615723371505737,-0.012477071955800056,135,148,-2
328,0.58617103099823,0.6700620651245117,-0.05210505798459053,131,150,-11
329,0.6087296009063721,0.5506172776222229,0.020442437380552292,136,123,4
330,0.6421501040458679,0.5672037601470947,0.04492725804448128,143,127,10
331,0.6179684996604919,0.6260323524475098,-0.01909705623984337,138,140,-4
332,0.672877848148346,0.2467290461063385,0.08202200382947922,150,55,18
333,0.6726624965667725,0.2938328683376312,0.041761383414268494,150,65,9
334,0.6718344688415527,0.34369274973869324,0.010068284347653389,150,76,2
335,0.603816032409668,0.8138390779495239,0.06169275939464569,135,182,13
336,0.583966851234436,0.3612969219684601,-0.06948087364435196,130,80,-15
337,0.5856245756149292,0.28878214955329895,-0.06046001985669136,131,64,-13
338,0.5851635932922363,0.2157246470451355,-0.049954235553741455,131,48,-11
339,0.6590081453323364,0.47352534532546997,0.0825839638710022,147,106,18
340,0.690427303314209,0.49406832456588745,0.1443239003419876,154,110,32
341,0.5697793364524841,0.47108519077301025,0.02656862512230873,127,105,5
342,0.6848027110099792,0.4228585958480835,0.10053852945566177,153,94,22
343,0.5768054723739624,0.5218873023986816,-0.0200845655053854,129,116,-4
344,0.6209366321563721,0.6242952346801758,-0.07740431278944016,139,139,-17
345,0.6983157396316528,0.5065355896949768,0.18898798525333405,156,113,42
346,0.6883971095085144,0.5188353061676025,0.11800216883420944,154,116,26
347,0.6706352233886719,0.5349710583686829,0.08167383819818497,150,119,18
348,0.6323407888412476,0.5343027710914612,0.05105690285563469,141,119,11
349,0.6029415726661682,0.5241405963897705,0.030639199540019035,135,117,6
350,0.582626223564148,0.513615608215332,0.011019790545105934,130,115,2
351,0.5556933879852295,0.48977282643318176,-0.06874240934848785,124,109,-15
352,0.7004293203353882,0.5655788779258728,0.19004902243614197,156,126,42
353,0.6935185194015503,0.4164404571056366,0.12004241347312927,155,93,26
354,0.5828967690467834,0.6656789779663086,-0.11869698762893677,130,149,-26
355,0.5951011180877686,0.567857027053833,-0.009106945246458054,133,127,-2
356,0.6580865383148193,0.43428748846054077,0.35475531220436096,147,97,79
357,0.5684932470321655,0.501377284526825,-0.0026920281816273928,127,112,0
358,0.6117783784866333,0.6258975267410278,0.007714723236858845,137,140,1
359,0.6734440326690674,0.44232314825057983,0.10731121897697449,150,99,24
360,0.6144545674324036,0.6039787530899048,-0.06902717053890228,137,135,-15
361,0.6335991621017456,0.6138370633125305,0.38935577869415283,141,137,87
362,0.568232536315918,0.4605526328086853,0.03293377906084061,127,103,7
363,0.6048580408096313,0.5926147103309631,-0.10346700251102448,135,132,-23
364,0.6299184560775757,0.7749258279800415,0.21335424482822418,141,173,47
365,0.6064281463623047,0.7939658164978027,0.2670592963695526,135,177,59
366,0.6805636286735535,0.5583158731460571,0.2954089045524597,152,125,66
367,0.6437152028083801,0.7300247550010681,0.25343307852745056,144,163,56
368,0.6906721591949463,0.39423301815986633,0.22164292633533478,154,88,49
369,0.5844576358795166,0.8852617740631104,0.11060339212417603,130,198,24
370,0.5723187923431396,0.6707223057746887,-0.08350062370300293,128,150,-18
371,0.6099868416786194,0.5861431956291199,0.010607567615807056,136,131,2
372,0.6899164915084839,0.45317989587783813,0.187666654586792,154,101,42
373,0.6444137692451477,0.4653785824775696,0.06358910351991653,144,104,14
374,0.6229604482650757,0.4691402316093445,0.04981616511940956,139,105,11
375,0.6126985549926758,0.7855900526046753,0.05707361176609993,137,175,12
376,0.689477801322937,0.6187474727630615,0.20449063181877136,154,138,45
377,0.5448160171508789,0.9253231883049011,0.10881976038217545,122,207,24
378,0.5825912952423096,0.8702422380447388,0.18153706192970276,130,194,40
379,0.5926922559738159,0.8380524516105652,0.2196400910615921,132,187,49
380,0.6019356846809387,0.46799367666244507,0.039403825998306274,134,104,8
381,0.5838304162025452,0.46402305364608765,0.03528382629156113,130,103,7
382,0.5731281638145447,0.4619746208190918,0.03563324362039566,128,103,7
383,0.6965889930725098,0.4070050120353699,0.15257595479488373,156,91,34
384,0.5849966406822205,0.4426511824131012,0.029138468205928802,131,99,6
385,0.604572057723999,0.4346686005592346,0.030981913208961487,135,97,6
386,0.6278555393218994,0.43136894702911377,0.040837254375219345,140,96,9
387,0.649803102016449,0.4327881932258606,0.05581606179475784,145,96,12
388,0.6614360213279724,0.4378478527069092,0.07014451175928116,148,98,15
389,0.6777961850166321,0.3742659091949463,0.29890570044517517,151,83,66
390,0.6570314168930054,0.4594339430332184,0.07715176045894623,147,102,17
391,0.6150245666503906,0.7018872499465942,-0.0013421152252703905,137,157,0
392,0.6118589639663696,0.64488285779953,-0.05205937474966049,137,144,-11
393,0.582672655582428,0.7013395428657532,-0.044460367411375046,130,157,-9
394,0.6140340566635132,0.8162510991096497,0.18042495846748352,137,182,40
395,0.59912109375,0.8497949838638306,0.14751437306404114,134,190,33
396,0.5582267045974731,0.9161866307258606,0.07218790054321289,125,205,16
397,0.6141608357429504,0.745235800743103,0.3225618004798889,137,166,72
398,0.5740301012992859,0.4535101056098938,0.03132457286119461,128,101,7
399,0.5780616402626038,0.5361853241920471,-0.06348740309476852,129,120,-14
400,0.5690481066703796,0.9003642797470093,0.14234140515327454,127,201,31
401,0.6708521842956543,0.616533100605011,0.2976662814617157,150,138,66
402,0.5806992053985596,0.7894869446754456,0.011354916729032993,130,176,2
403,0.5868245363235474,0.7981524467468262,0.008890457451343536,131,178,1
404,0.5927187204360962,0.8113096952438354,0.008309298194944859,132,181,1
405,0.594550609588623,0.8260151147842407,0.015796462073922157,133,185,3
406,0.585230827331543,0.8376104235649109,0.043427541851997375,131,187,9
407,0.5999894142150879,0.771003007888794,0.041844356805086136,134,172,9
408,0.6087096929550171,0.7667049169540405,0.044823791831731796,136,171,10
409,0.6153842806816101,0.7599496841430664,0.04665851220488548,137,170,10
410,0.6331441402435303,0.735840916633606,0.05664979666471481,141,164,12
411,0.680991530418396,0.6452993750572205,0.13708022236824036,152,144,30
412,0.5660573244094849,0.5043814182281494,-0.043266940861940384,126,112,-9
413,0.5589420795440674,0.44295844435691833,-0.0011039513628929853,125,99,0
414,0.5676640272140503,0.4442698359489441,0.018639780580997467,127,99,4
415,0.5915067195892334,0.7686386108398438,0.04340363293886185,132,172,9
416,0.6615163087844849,0.7038321495056152,0.18964217603206635,148,157,42
417,0.5499447584152222,0.445137083530426,-0.044277023524045944,123,99,-9
418,0.5858318209648132,0.850303590297699,0.06619356572628021,131,190,14
419,0.5675974488258362,0.524224579334259,-0.09229812771081924,127,117,-20
420,0.5970184803009033,0.5787972807884216,-0.051257163286209106,133,129,-11
421,0.5595500469207764,0.8758798837661743,0.04068437218666077,125,196,9
422,0.6265082359313965,0.7901008129119873,0.10245382785797119,140,176,22
423,0.6265789270401001,0.6470116972923279,0.024766847491264343,140,144,5
424,0.6069956421852112,0.8217792510986328,0.08706945180892944,135,184,19
425,0.6616863012313843,0.6362571120262146,0.058735497295856476,148,142,13
426,0.6409382224082947,0.6742417216300964,0.04375159740447998,143,151,9
427,0.6664249897003174,0.6761177182197571,0.09543532133102417,149,151,21
428,0.5628737211227417,0.8985956311225891,0.05235670879483223,126,201,11
429,0.6031812429428101,0.5911598205566406,-0.02400629222393036,135,132,-5
430,0.6278671026229858,0.7978758811950684,0.14012789726257324,140,178,31
431,0.6074380874633789,0.8326789736747742,0.11754070222377777,136,186,26
432,0.6438845992088318,0.7539691925048828,0.10814325511455536,144,168,24
433,0.6745944619178772,0.6636549234390259,0.21809235215187073,151,148,48
434,0.6503419280052185,0.7445408701896667,0.14585040509700775,145,166,32
435,0.6580556631088257,0.6724815964698792,0.2915550470352173,147,150,65
436,0.6471064686775208,0.7088925242424011,0.06970957666635513,144,158,15
437,0.586219310760498,0.5515727400779724,-0.03469575196504593,131,123,-7
438,0.6163021922111511,0.6375288367271423,-0.08439020067453384,138,142,-18
439,0.6199517846107483,0.6415953636169434,-0.050717420876026154,138,143,-11
440,0.614089846611023,0.6223090887069702,-0.10961248725652695,137,139,-24
441,0.5799511671066284,0.4161273241043091,-0.0035356294829398394,129,93,0
442,0.6189724206924438,0.3975410461425781,0.0032725168857723475,138,89,0
443,0.6518093943595886,0.3918342590332031,0.01925804279744625,146,87,4
444,0.6753522753715515,0.3939867317676544,0.04433475434780121,151,88,9
445,0.6863677501678467,0.40397846698760986,0.07068100571632385,153,90,15
446,0.6788973808288574,0.4476233124732971,0.12366818636655807,152,100,27
447,0.6828821301460266,0.5015338659286499,0.28336673974990845,152,112,63
448,0.6719421744346619,0.4922679662704468,0.10087092965841293,150,110,22
449,0.6543112993240356,0.5042536854743958,0.07515011727809906,146,112,16
450,0.6265910863876343,0.5063531398773193,0.05236273631453514,140,113,11
451,0.5988597273826599,0.5015584230422974,0.03557217866182327,134,112,7
452,0.5791022777557373,0.49404507875442505,0.02179957553744316,129,110,4
453,0.5662369132041931,0.48720186948776245,0.01278938539326191,126,109,2
454,0.6446651220321655,0.49153077602386475,0.38393673300743103,144,110,86
455,0.614144504070282,0.6489337682723999,-0.03710280731320381,137,145,-8
456,0.5900017619132996,0.563932478427887,-0.07964394986629486,132,126,-17
457,0.6092929244041443,0.6435784697532654,-0.11255604773759842,136,144,-25
458,0.5902579426765442,0.6586917638778687,-0.10562906414270401,132,147,-23
459,0.6037524342536926,0.6467688679695129,-0.09866929799318314,135,144,-22
460,0.6048251390457153,0.6588166356086731,-0.030754804611206055,135,147,-6
461,0.5889377593994141,0.6625718474388123,-0.1136818528175354,131,148,-25
462,0.5793723464012146,0.6678506731987,-0.08189234137535095,129,149,-18
463,0.5627628564834595,0.4631856083869934,0.023455215618014336,126,103,5
464,0.5557447075843811,0.473183810710907,0.0007646423764526844,124,105,0
465,0.5564934015274048,0.4806971549987793,-0.020746298134326935,124,107,-4
466,0.66701740026474,0.44137150049209595,0.08287174999713898,149,98,18
467,0.6777677536010742,0.42624902725219727,0.08815192431211472,151,95,19
